id,gene1,gene2,gene3,gene4,gene5,gene6,gene7,gene8,gene9,gene10
id0,8.764,3.861,7.349,11.07,3.306,5.389,11.99,16.95,10.04,12.5
id1,0,0,1.004,0,0,0,0,0,0,0
id2,0.07187,0,0,0.06761,0,0,0,0,0,0.06265
id3,0,0,0,0,0,0,0,0.03904,0,0
id4,0,0.056,0,0,0,0.0613,0.09523,0,0.0555,0.1292
